,phone
1,+996 312 61 24 40
2,+996 312 61 24 45
3,+43 660 207 4782
4,+998 78 140 04 68
5,+998 78 140 04 69
6,+31 70 363 59 10
7,+31 70 312 55 00
8,+389 2 323 4234
9,+389 2 323 4000
10,+43 1 514 36 6996
11,+43 1 514 36 6190
12,+41 22 758 00 25
13,+41 22 758 25 10
14,+381 11 3606 100
15,+381 11 3606 119
16,+43 1 51436 6180
17,+998 71 140 04 69
18,+998 71 140 04 68
19,+48 22 520 06 00
20,+48 22 520 06 05
21,+31 70 312 5503
22,+381 11 3606 151
23,+381 63 251 778
24,+383 38 240 100
25,+382 67 626 005
26,+381 11 3606 116
27,+382 20 406 426
28,+383 49 950 163
29,+35542240001
30,+39 0636912118
31,+383 38 240 711
32,+993 12 94 60 41
33,+993 12 94 60 92
34,+387 33 952 100
35,+387 33 442 479
36,+7 7172 328304
37,+7 7172 580070
38,+43 1 514 360
39,+43 1 514 36 6199
40,+43 1 396 1585
41,+43 1 280 31 90
42,+43 1 31 339
43,+43 1 280 27 62
44,+43 1 283 69 92
45,+43 1 501 82 0
46,+43 1 501 82 509
47,+43 1 501 82 555
48,+43 1 51436 6199
49,+43 6763012924
50,+420 224 186 445
51,+420 224 186 450
52,+420 224 186 440
53,+43 1 514 36 6000
54,+43 1 514 36 6800
55,+382 20 406 401
56,+382 20 406 431
57,+373 22 887 887
58,+373 22 887 802
59,+373 22 22 34 96
60,+380 44 492 0382
61,+380 44 492 0383
62,+992 37 2265014
63,+992 37 2265019
64,+43 1 370 81 04 27
65,+43 1 370 81 04
66,+43 1 586 66 51
67,+43 1 405 10 31
68,+43 1 478 10 13
69,+43 1 476 46 0
70,+43 1 369 88 56
71,+43 1 476 46 555
72,+43 1 586 66 50
73,+43 1 478 19 91
74,+43 1 405 10 25
75,+43 1 581 52 82
76,+43 1 476 46 543
77,+43 1 406 02 19
78,+43 1 369 88 53
79,+43 1 504 1178
80,+43 1 4783335
81,+43 1 506 740
82,+43 1 524 78 06
83,+43 1 535 27 04
84,+43 1 586 76 67
85,+43 1 581 55 92
86,+43 1 405 10 26
87,+43 1 581 52 81
88,+43 1 531 92
89,+43 1 514 36 6806
90,+43 1 51436 6813
91,+43 1 514 36 6802
92,+48 22 5200 645
93,+43 676 301 2910
94,+43 1 51436 6150
95,+43 676 9100 525
96,+43 1 514 36 6687
97,+43 1 514 36 6702
98,+48 609 522 266
99,+79166214710
100,+43 1 514 36 6109
101,+43 1 514 36 6112
102,+43 1 514 36 6945
103,+431514366842
104,+992 988040434
105,+389 70 359064
106,+389 2 323 42 34
107,+389 2 323 4658
108,+389 2 3234422
109,+389 70 327 156
110,+43 1 514 36 6122
111,+381 63 348 217
112,+381 11 3606 150
113,+380 50 676 77 34
114,+45 60 10 81 77
115,+43 1 514 36 6780
116,+43 1 514 36 6787
117,+380 44 492 03 83
118,+996 775 98 14 04
119,+43 676 693 7519
120,+382 20 406 432
121,+48 22 520 0640
122,+43 1 514 36
123,+43 676 648 6592
124,+382 67 626 010
125,+43 664 8590 930
126,+381 38 240 711
127,+377 44 500 151
128,+355 4 224 4204
129,+45 33 37 80 55
130,+43 664 859 0924
131,+381 38 240 100
132,+380 67 239 39 51
133,+355 4 223 5993
134,+373 69 14 95 10
135,+380 44 492 03 82
136,+43 1 514 36 6851
137,+43 1 514 36 6788
138,+355 69 927 7300
139,+43 676 385 7019
140,+383 49 950 190
141,+43 1 51436 6619
142,+43 664 1858 396
143,+43 859 08 93
144,+43 1 514 36 6717
145,+38099 473 79 30
146,+380 67 235 38 16
147,+380 44 392 09 84
148,+380 50 301 5887
149,+43 1 328 87 11
150,+43 1 961 09 09 50
151,+43 1 890 63 63
152,+43 1 403 13 23
153,+43 1 403 13 22
154,+43 1 328 87 10
155,+43 1 501159
156,+43 1 501150 4310
157,+43 1 961 09 09
158,+43 1 890 63 63 150
159,+45 33 37 80 40
160,+43 1 514 36 6484
161,+45 33 37 80 30
162,+43 1 514 36 6299
163,+43 1 514 36 6256
164,+45 601 08380
165,+33 6 50 39 29 40
166,+45 60 10 83 80
167,+45 6010 8126
168,+43 1 514 36 6927
169,+387 671300492
170,+48 603 793 785
171,+48 22 5200 657
172,+48 22 5200627
173,+4822 5200 658
174,+48 22 5200 627
175,+48 22 5200 658
176,+43 1 51436 6688
177,+43 664 920 9294
178,+43 1 514 36 6776
179,+43 1 51436 6251
180,+43 1 51436 6675
181,+381 11 71 555 00
182,+381 11 415 5314
183,+381 11 3083 200
184,+43 1 51436 6941
185,+43 1 51436 6266
186,+380 63 320 35 40
187,+998 900 099 166
188,+998 935 901 278
189,+998 90 009 9166
190,+43 664 88 47 48 68
191,+380633130920
192,+33 6 50 68 76 55
193,+375 292 462 159
194,+375 292 225 908
195,+373 68 671 274
196,+375 29 876 3772
197,+373 68 671 251
198,+33 607067773
199,+996 755 855 073
200,+996 990 735878
201,+355 33 400 182
202,+355 692 787 632
203,+43 1 514 36 6251
204,+43 1 514 36 6151
205,+7 777 719 73 77
206,+7 7172249849
207,+381 11 311 66 63
208,+381 11 311 13 14
209,+37494763594
210,+7 7775205801
211,+374 10 229610
212,+374 10 229615
213,+43 17 11 54 167
214,+43 66 48 01 54 167
215,+43 17 11 54 268
216,+43 1 535 61 61
217,+43 1 505 85 01 75
218,+43 1 537 80 452
219,+43 1 505 85 01
220,+43 1 870 15 331
221,+43 1 870 15 816
222,+43 1 585 50 51
223,+43 1 585 50 51 66
224,+43 1 870 15 804
225,+43 1 535 16 29
226,+43 1 715 76 98 26
227,+43 1 715 57 55
228,+43 1 533 2771
229,+43 1 533 2774
230,+43 1 535 03 65
231,+43 1 535 57 03
232,+43 1 890 80 08 20
233,+43 1 535 03 79
234,+43 1 535 03 79 13
235,+43 1 890 80 08 10
236,+43 1 505 37 73
237,+43 1 319 11 60 11
238,+43 1 368 94 33 333
239,+43 1 505 86 00 388
240,+43 1 941 59 69
241,+43 1 217 53 255
242,+43 1 581 34 17
243,+43 1 263 34 13
244,+43 1 368 94 33 300
245,+43 1 505 86 00
246,+43 1 714 13 41
247,+43 1 217 53 380
248,+43 1 941 59 75
249,+43 1 217 53 260
250,+43 1 505 89 25
251,+43 1 714 13 45
252,+43 1 513 06 31
253,+43 1 513 06 30
254,+43 1 531 38 30 00
255,+43 1 535 01 34
256,+43 1 513 06 32
257,+43 1 535 01 37
258,+43 1 899 58 140
259,+43 1 531 38 39 15
260,+43 1 894 57 98
261,+43 1 812 22 57
262,+43 1 585 20 01
263,+43 1 812 22 56
264,+43 1 526 47 41
265,+43 1 419 96 30
266,+43 1 419 96 30 30
267,+43 1 505 03 88
268,+43 1 505 63 64
269,+43 1 585 65 83
270,+43 1 585 66 03
271,+43 1 479 71 72
272,+43 1 315 39 93
273,+43 1 716 13 3900
274,+43 1 315 39 94
275,+43 1 71613 0
276,+43 1 315 39 95
277,+43 1 479 71 72 47
278,+43 1 589 39 265
279,+43 1 589 39
280,+43 1 524 87 02
281,+43 1 712 60 99
282,+43 1 524 87 01
283,+43 1 715 60
284,+43 1 51436 6672
285,+436763749183
286,+43 664 859 09 14
287,+43 1 514 36 6834
288,+431514366267
289,+43 664 88474909
290,+385 1 3096 620
291,+994 12 497 23 73
292,+994 12 497 23 77
293,+38 044 492 03 82
294,+381 11 3606265
295,+43 1 514 36 6817
296,+43 1 514 36 6154
297,+43 664 8847 4979
298,+43 676 301 2719
299,+43 1 51436 6821
300,+43 664 8847 4962
301,+998 93 5907759
302,+48 695 808 813
303,+43 676 7167312
304,+43 676 3756 163
305,+373 69 149 510
306,+373 22 887 846
307,+380 678 802 642
308,+49 30 1817 2056
309,+38 050 334 14 54
310,+45 60 10 81 26
311,+45 60 10 80 30
312,+48 695 808 816
313,+381 11 3092
314,+381 11 2491
315,+43 1 503 77 6118
316,+43 1 505 84 11
317,+43 1 503 77 6120
318,+43 1 710 97 80
319,+43 1 328 72 90
320,+43 1 710 97 59
321,+43 1 478 26 44
322,+43 1 478 21 42
323,+43 1 535 92 11
324,+43 1 403 98 48 20
325,+43 1 503 39 24
326,+43 1 711 54 0
327,+43 1 503 39 30
328,+43 1 403 98 48
329,+49 3018 175 51 13
330,+43 1 409 82 66 14
331,+43 1 523 38 07
332,+43 1 523 38 05
333,+43 1 503 64 73
334,+43 1 409 82 66
335,+43 1 503 64 70
336,+43 1 512 23 86
337,+43 1 512 79 04
338,+43 1 961 1030
339,+43 1 535 28 07 0
340,+43 1 361 10 30 34
341,+43 1 715 31 02
342,+43 1 715 31 02 20
343,+43 1 586 50 109
344,+43 1 586 50 10
345,+43 1 512 85 73
346,+43 1 512 85 66
347,+43 1 512 90 57
348,+43 1 514 36 6262
349,+33333333
350,+380 44 392 0965
351,+38 067 828 06 79
352,+38 050 387 93 98
353,+373 62 073333
354,+373 22 23
355,+48 22 5200 632
356,+48 22 52 00 658
357,+48 22 52 00 627
358,+48 22 52 00 657
359,+48 22 52 00 784
360,+1 310 303 2902
361,+43 1 514 36 6805
362,+48 22 5200 882
363,+48 22 5200 703
364,+48 22 5200 695
365,+48 22 5200 659
366,+48 22 5200 750
367,+48 22 5200 752
368,+48 22 5200 801
369,+995 595316983
370,+380 67 339 6228
371,+7 701 6436153
372,+7 775 1353269
373,+43 514 36 6813
374,+380674021716
375,+381 11 3068 664
376,+380 67 164 45 76
377,+48 695 655 516
378,+383 44 393 472
379,+31652503289
380,+381 11 367 24 25
381,+381 63 315 969
382,+43 1 514 36 6675
383,+43 1 51436 6203
384,+43 1 514 36 6250
385,+31536000
386,+48 603 793 786
387,+381 38 500 188
388,+381 38 500 162
389,+380506767734
390,+32 470 880872
391,+998 908 132145
392,+32470880872
393,+998 90 814 1328
394,+380 57 707 34 59
395,+355 673217522
396,+7 7057427707
397,+7 7212 562922
398,+7 7014582764
399,+7 7772299724
400,+374 94 64 2464
401,+374 264 6 15 11
402,+996 770 863418
403,+996 0556 614343
404,+381 63 73 75 361
405,+77052074501
406,+7 7232 77 5793
407,+7 701 411 61 00
408,+387 33 660 588
409,+387 33 66 05 88
410,+992 918 58 72 35
411,+7 701 234 7937
412,+7 701 518 4769
413,+387 51 433 141
414,+992 93 334 4777
415,+375 29 6630118
416,+7 701 781 29 68
417,+992 92 92 772 7779
418,+99312 94 1714
419,+7 7172 999 410
420,+374 93 31 5108
421,+374 93 795921
422,+992 93 5005840
423,+992935005840
424,+992 934 63 00 80
425,+387 32 40 50 50
426,+992 918 17 98 86
427,+387 35 249 310
428,+992 907 905233
429,+381 63 549339
430,+381 69 1039999
